ts,price_binance,funding_binance,price_okx,funding_okx,price_bitget,funding_bitget,price_gate,funding_gate,price_mexc,funding_mexc,price_htx,funding_htx,price_kucoin,funding_kucoin,price_bingx,funding_bingx,price_hyperliquid,funding_hyperliquid,price_coinbase,funding_coinbase
2026-05-22 16:00,76757.66,0.0000289100,76765.10,0.0000784947,76772.10,0.0001000000,76771.70,0.0000830000,76756.50,0.0000280000,76815.90,0.0001000000,76801.00,0.0000550000,76764.60,0.0001000000,76770.00,0.0000839792,76724.70,0.0000360000
2026-05-23 00:00,75507.40,0.0000178300,75508.70,0.0000228466,75513.80,0.0000250000,75513.30,0.0000760000,75507.50,0.0000170000,75569.10,0.0001000000,75541.50,0.0000910000,75504.90,0.0000410000,75500.00,0.0000613802,75475.00,0.0000710000
2026-05-23 08:00,74573.20,0.0000102500,74576.30,0.0000388651,74563.00,0.0000590000,74580.80,0.0000760000,74573.20,0.0000110000,74626.10,0.0001000000,74599.10,0.0000650000,74573.10,0.0000620000,74569.00,0.0000069740,74547.60,0.0000920000
2026-05-23 16:00,75490.25,0.0000744100,75482.70,0.0000040289,75478.00,-0.0000630000,75475.90,0.0000050000,75486.40,0.0000740000,75524.20,0.0001000000,75518.10,0.0000280000,75485.00,0.0000750000,75478.00,-0.0000661197,75460.20,0.0001110000
2026-05-24 00:00,76716.21,0.0000904400,76709.20,0.0000646006,76701.40,-0.0001020000,76703.10,-0.0000720000,76715.20,0.0000900000,76724.80,0.0001000000,76737.10,-0.0000050000,76713.50,-0.0001020000,76711.00,-0.0000143224,76646.70,0.0000680000
2026-05-24 08:00,76771.40,0.0000629000,76770.10,0.0000594269,76761.20,-0.0000900000,76770.00,-0.0000330000,76771.60,0.0000620000,76781.40,0.0001000000,76798.80,-0.0000410000,76771.10,-0.0000910000,76760.00,-0.0000103798,76702.10,-0.0000700000
2026-05-24 16:00,76343.80,0.0000626500,76340.40,0.0000437885,76342.90,0.0000140000,76344.40,0.0000280000,76343.70,0.0000620000,76366.10,0.0001000000,76370.10,-0.0000510000,76340.70,0.0000060000,76317.00,-0.0000877228,76275.10,-0.0000710000
2026-05-25 00:00,77023.70,0.0000654900,77030.00,0.0000232889,77030.00,0.0000170000,77028.90,0.0000390000,77031.10,0.0000660000,77055.60,0.0001000000,77054.40,0.0000270000,77024.20,0.0000090000,77015.00,-0.0000682434,76979.90,-0.0000140000
2026-05-25 08:00,77376.90,0.0000352700,77375.00,-0.0000101054,77362.30,-0.0000940000,77368.00,-0.0000240000,77374.90,0.0000330000,77371.30,0.0001000000,77400.00,-0.0000230000,77373.10,-0.0000960000,77365.00,-0.0000935396,77322.30,0.0000270000
2026-05-25 16:00,77587.30,0.0000142600,77591.60,0.0000059773,77585.10,-0.0000830000,77581.00,-0.0000370000,77587.40,0.0000130000,77598.40,0.0001000000,77620.10,-0.0000250000,77593.90,-0.0000840000,77589.00,-0.0000304715,77559.90,0.0000250000
2026-05-26 00:00,77281.71,0.0000805800,77283.40,0.0000524314,77280.10,-0.0000420000,77288.20,0.0000280000,77281.50,0.0000810000,77299.50,0.0001000000,77316.60,0.0000080000,77282.80,-0.0000430000,77281.00,-0.0000381206,77255.60,0.0000140000
2026-05-26 08:00,76689.53,0.0000385200,76684.00,0.0000201048,76683.30,0.0000130000,76683.40,0.0000410000,76685.00,0.0000380000,76715.30,0.0001000000,76715.60,0.0000020000,76689.80,-0.0000080000,76671.00,-0.0000941733,76633.20,0.0000240000
2026-05-26 16:00,76484.29,0.0000577600,76474.50,0.0000624817,76475.40,0.0000620000,76480.80,0.0000510000,76478.20,0.0000560000,76463.80,-0.0000152919,76504.80,-0.0000120000,76479.80,0.0000040000,76482.00,-0.0000263966,76416.60,0.0000230000
2026-05-27 00:00,75901.40,0.0001000000,75898.20,0.0000538321,75897.80,0.0000790000,75902.80,0.0000900000,75900.60,0.0001000000,75925.50,0.0001000000,75927.40,0.0000610000,75898.20,0.0000080000,75895.00,-0.0000016062,75839.40,0.0000230000
2026-05-27 08:00,75940.84,0.0000894800,75921.30,0.0000201365,75932.30,0.0000290000,75926.20,0.0000390000,75935.00,0.0000900000,75948.20,0.0001000000,75965.90,0.0000110000,75933.40,0.0000910000,75927.00,-0.0000499359,75851.70,0.0000320000
2026-05-27 16:00,75300.00,0.0000991400,75297.00,0.0001000000,75296.80,0.0000970000,75300.90,0.0001000000,75298.90,0.0000980000,75358.40,0.0001000000,75326.10,0.0000520000,75297.80,0.0001000000,75300.00,-0.0000065074,75225.10,0.0000250000
2026-05-28 00:00,74418.00,0.0001000000,74414.00,0.0000973472,74420.00,0.0001000000,74420.00,0.0001000000,74418.00,0.0001000000,74518.80,0.0001252086,74443.30,0.0000270000,74415.10,0.0001000000,74420.00,0.0000537426,74358.10,0.0001470000
2026-05-28 08:00,73467.37,0.0000501100,73457.40,0.0000901432,73460.10,0.0000970000,73461.80,0.0001000000,73462.40,0.0000500000,73511.40,0.0001517975,73490.70,0.0000910000,73460.00,0.0000990000,73462.00,0.0000392333,73397.20,0.0001570000
2026-05-28 16:00,72906.82,0.0001000000,72898.30,0.0001000000,72902.30,0.0000910000,72903.50,0.0000970000,72899.00,0.0001000000,72985.80,0.0001000000,72934.40,0.0000790000,72903.30,0.0001000000,72925.00,0.0000845726,72825.10,0.0001310000
2026-05-29 00:00,73591.40,0.0001000000,73586.10,0.0000822614,73590.10,0.0000200000,73587.70,0.0000500000,73591.50,0.0001000000,73666.80,0.0001000000,73630.00,0.0001160000,73593.30,0.0001000000,73588.00,0.0001000000,73542.90,0.0001200000
2026-05-29 08:00,73488.10,0.0000539100,73480.10,0.0000690250,73485.80,0.0000100000,73488.30,0.0000420000,73485.90,0.0000550000,73564.10,0.0001000000,73525.10,0.0001250000,73484.50,0.0000710000,73493.00,0.0000806648,73440.90,0.0000970000
2026-05-29 16:00,73779.04,0.0000670200,73764.70,0.0000504528,73768.00,0.0000550000,73766.70,0.0000390000,73778.00,0.0000660000,73862.00,0.0001000000,73807.40,0.0000830000,73773.60,0.0000660000,73777.00,0.0000466778,73710.00,0.0000810000
2026-05-30 00:00,73428.20,0.0000346400,73431.40,0.0000276952,73436.50,0.0000820000,73431.80,0.0000350000,73427.80,0.0000350000,73515.50,0.0001000000,73463.40,0.0000400000,73432.80,0.0000820000,73432.00,0.0000407688,73374.40,0.0000420000
2026-05-30 08:00,73516.24,0.0000473200,73519.70,0.0000272923,73514.00,0.0000520000,73514.90,0.0000280000,73515.00,0.0000470000,73581.30,0.0001000000,73547.00,0.0000760000,73516.60,0.0000520000,73512.00,0.0000405465,73465.20,0.0000440000
2026-05-30 16:00,73892.80,0.0000621400,73889.70,0.0000136134,73885.00,-0.0000240000,73881.00,-0.0000110000,73887.90,0.0000620000,73934.00,0.0001000000,73913.10,0.0000850000,73892.90,0.0000620000,73886.00,0.0000805655,73835.00,0.0000520000
2026-05-31 00:00,73856.90,0.0000443200,73850.10,-0.0000026552,73849.90,-0.0000400000,73843.00,-0.0000120000,73856.90,0.0000430000,73913.20,0.0001000000,73879.60,-0.0000160000,73848.40,0.0000740000,73853.00,0.0000354426,73796.40,0.0000760000
2026-05-31 08:00,73833.30,0.0000566300,73829.90,-0.0000014935,73830.30,-0.0000340000,73832.30,-0.0000050000,73833.30,0.0000560000,73904.50,0.0001000000,73867.80,-0.0000160000,73835.60,0.0000570000,73843.00,0.0000819251,73778.90,0.0000360000
2026-05-31 16:00,73613.40,0.0000598800,73622.60,0.0000219344,73633.40,0.0000810000,73623.90,0.0000670000,73613.50,0.0000600000,73694.70,0.0001000000,73650.10,0.0001030000,73619.10,0.0000800000,73632.00,0.0000878914,73559.70,0.0000450000
2026-06-01 00:00,73653.57,0.0000570300,73649.20,0.0000466944,73643.80,0.0000890000,73648.80,0.0000810000,73653.20,0.0000560000,73746.00,0.0001000000,73679.90,0.0001120000,73650.20,0.0000910000,73658.00,0.0001000000,73587.90,0.0000540000
2026-06-01 08:00,72779.01,0.0000443800,72777.00,0.0000236647,72785.30,0.0001000000,72776.80,0.0000830000,72776.10,0.0000440000,72882.00,0.0001040569,72812.10,0.0000770000,72778.90,0.0001000000,72793.00,0.0001000000,72717.10,0.0000430000
2026-06-01 16:00,71103.49,0.0001000000,71107.90,0.0001000000,71128.50,0.0001000000,71124.10,0.0001000000,71099.40,0.0001000000,71205.80,0.0002897151,71141.20,0.0001490000,71106.90,0.0001000000,71129.00,0.0001000000,71020.10,0.0000510000
2026-06-02 00:00,71391.50,0.0001000000,71389.70,0.0001000000,71398.40,0.0001000000,71408.80,0.0001000000,71391.60,0.0001000000,71496.90,0.0001221518,71419.90,0.0001120000,71387.80,0.0001000000,71411.00,0.0001000000,71337.70,0.0000470000
2026-06-02 08:00,70082.60,0.0000599000,70086.90,0.0001000000,70095.90,0.0001000000,70092.90,0.0001000000,70079.50,0.0000610000,70170.90,0.0001000000,70111.80,0.0001070000,70088.20,0.0001000000,70096.00,0.0001000000,70021.80,0.0000490000
2026-06-02 16:00,67276.05,0.0000834500,67281.10,0.0001000000,67269.90,0.0001000000,67277.00,0.0001000000,67274.00,0.0000830000,67378.40,0.0001459411,67297.30,0.0000760000,67276.80,0.0001000000,67288.00,0.0001000000,67193.70,0.0000530000
2026-06-03 00:00,66731.44,0.0000716500,66722.70,0.0000865679,66725.60,0.0000740000,66724.10,0.0000770000,66730.00,0.0000720000,66801.40,0.0001000000,66756.50,0.0000650000,66725.80,0.0000870000,66732.00,0.0000940896,66669.20,0.0000280000
2026-06-03 08:00,67191.50,0.0000522900,67185.60,0.0000278658,67187.70,0.0000120000,67183.80,0.0000380000,67188.10,0.0000520000,67166.40,-0.0000374446,67216.40,0.0000240000,67188.50,0.0000550000,67193.00,0.0000347567,67129.90,0.0000290000
2026-06-03 16:00,66044.30,0.0001000000,66057.60,0.0001000000,66050.60,0.0001000000,66052.40,0.0001000000,66040.40,0.0001000000,66054.30,-0.0000351765,66072.30,0.0000990000,66050.20,0.0001000000,66054.00,0.0000824024,65987.90,0.0000270000
2026-06-04 00:00,64117.60,0.0000270500,64117.20,0.0000987114,64118.60,0.0000810000,64114.90,0.0000540000,64117.70,0.0000270000,64114.60,-0.0000694102,64140.00,0.0000950000,64114.70,0.0000990000,64118.00,0.0001000000,64057.70,0.0000490000
2026-06-04 08:00,63569.71,0.0000151900,63564.80,0.0000209870,63566.70,-0.0000450000,63565.10,-0.0000320000,63561.70,0.0000160000,63575.10,-0.0000877954,63588.80,-0.0000010000,63571.20,0.0000330000,63565.00,0.0000541485,63529.20,0.0000890000
2026-06-04 16:00,63866.28,-0.0000107700,63863.90,0.0000015995,63862.90,0.0000240000,63865.80,0.0000190000,63863.70,-0.0000120000,63855.60,-0.0001328547,63890.20,-0.0000050000,63866.40,0.0000220000,63861.00,0.0000193458,63841.80,0.0000260000
2026-06-05 00:00,63855.89,0.0000131500,63847.70,0.0000366527,63853.20,0.0000210000,63845.90,0.0000670000,63853.40,0.0000120000,63829.40,-0.0000895703,63878.70,0.0000020000,63854.10,0.0000370000,63854.00,0.0000599608,63810.10,0.0000350000
2026-06-05 08:00,63081.00,-0.0000143100,63067.30,0.0000206006,63069.90,0.0000370000,63074.40,0.0000150000,63075.50,-0.0000140000,63079.40,0.0000453747,63105.30,0.0000390000,63076.30,0.0000400000,63091.00,0.0000461436,63055.90,0.0000070000
2026-06-05 16:00,60416.49,-0.0000086300,60394.40,-0.0000495881,60405.30,0.0000310000,60391.90,0.0000220000,60406.10,-0.0000080000,60433.90,0.0001000000,60417.10,0.0000280000,60414.30,0.0000310000,60406.00,0.0000444378,60385.00,-0.0000010000
2026-06-06 00:00,61029.57,-0.0000123400,61025.10,-0.0000251354,61031.90,0.0000030000,61023.80,-0.0000100000,61021.90,-0.0000120000,61036.10,-0.0000479822,61052.80,0.0000280000,61024.10,0.0000300000,61033.00,0.0000747022,61034.70,-0.0000060000
2026-06-06 08:00,60975.10,0.0000267500,60971.50,-0.0000337978,60969.10,-0.0000250000,60970.40,-0.0000110000,60973.90,0.0000260000,60964.50,0.0000071341,60995.50,0.0000030000,60973.50,0.0000390000,60976.00,0.0000886427,60971.70,-0.0000160000
2026-06-06 16:00,60754.10,-0.0000051100,60750.10,0.0000052962,60749.80,-0.0000360000,60746.90,-0.0000130000,60754.10,-0.0000050000,60779.10,0.0001000000,60769.90,-0.0000110000,60752.50,0.0000050000,60751.00,0.0000041168,60754.00,-0.0000110000
2026-06-07 00:00,60851.77,-0.0000282800,60849.30,-0.0000127073,60851.50,0.0000180000,60846.90,-0.0000140000,60849.80,-0.0000260000,60852.20,0.0001000000,60874.00,-0.0000370000,60852.90,0.0000190000,60860.00,0.0000543031,60858.60,-0.0000020000
2026-06-07 08:00,62368.06,0.0000040700,62372.00,-0.0000781048,62360.00,-0.0000690000,62363.60,-0.0000850000,62365.90,0.0000040000,62361.40,-0.0001160949,62397.50,0.0000140000,62368.30,0.0000040000,62384.00,0.0000919983,62375.50,-0.0000070000
2026-06-07 16:00,62071.60,0.0000274200,62065.00,0.0000290589,62069.90,0.0000380000,62063.80,0.0000030000,62070.60,0.0000260000,62063.80,0.0001000000,62090.00,0.0000490000,62069.10,0.0000380000,62072.00,0.0001000000,62074.30,-0.0000060000
2026-06-08 00:00,63302.74,0.0000353300,63308.00,0.0000551876,63303.00,0.0000210000,63298.30,0.0000200000,63297.80,0.0000340000,63278.00,0.0001000000,63330.90,0.0000160000,63303.10,0.0000540000,63309.00,0.0000902907,63303.90,-0.0000070000
2026-06-08 08:00,63259.90,0.0000345400,63254.50,0.0000424551,63256.30,0.0000230000,63249.30,0.0000190000,63257.70,0.0000340000,63241.80,-0.0000590797,63272.80,0.0000250000,63258.80,0.0000440000,63261.00,0.0000740967,63241.60,0.0000070000
2026-06-08 16:00,63745.30,0.0000012200,63744.10,-0.0000755487,63750.00,-0.0000280000,63745.50,-0.0000560000,63745.40,0.0000010000,63741.70,-0.0000557350,63774.00,-0.0000030000,63744.90,0.0000360000,63755.00,0.0000901732,63740.10,-0.0000050000
2026-06-09 00:00,63058.00,-0.0000156500,63061.80,-0.0000125192,63058.80,0.0000370000,63057.50,0.0000160000,63057.90,-0.0000150000,63050.80,-0.0000068739,63065.10,0.0000420000,63058.90,0.0000370000,63058.00,0.0000822715,63067.90,0.0000130000
2026-06-09 08:00,63170.80,0.0000304100,63169.40,-0.0000077000,63167.80,0.0000120000,63175.00,-0.0000010000,63170.50,0.0000300000,63163.20,-0.0000090728,63190.00,0.0000240000,63168.80,0.0000370000,63177.00,0.0000736485,63164.00,0.0000090000
2026-06-09 16:00,61113.79,0.0000060600,61102.80,0.0000363504,61106.60,0.0000560000,61104.40,0.0000660000,61105.10,0.0000050000,61125.90,0.0001000000,61130.10,0.0000410000,61110.40,0.0000560000,61110.00,0.0000955142,61085.20,0.0000030000
2026-06-10 00:00,61695.29,0.0000036500,61698.20,0.0000476144,61695.30,-0.0000130000,61696.90,0.0000220000,61694.90,0.0000040000,61685.10,0.0000293341,61725.40,0.0000430000,61699.00,0.0000480000,61699.00,0.0000614602,61691.90,0.0000230000
2026-06-10 08:00,61655.56,-0.0000338500,61654.90,-0.0000159317,61649.50,-0.0000420000,61651.70,-0.0000290000,61653.70,-0.0000330000,61641.90,-0.0000607870,61680.40,-0.0000310000,61655.60,-0.0000080000,61650.00,0.0000032448,61639.40,0.0000010000
2026-06-10 16:00,62604.70,0.0000254200,62598.80,-0.0000087787,62597.70,-0.0000120000,62605.20,-0.0000300000,62602.10,0.0000250000,62606.50,0.0000278368,62636.30,0.0000160000,62606.30,0.0000370000,62609.00,0.0000514980,62586.90,0.0000120000
2026-06-11 00:00,61485.42,-0.0000081100,61475.30,-0.0000434626,61483.30,0.0000310000,61485.50,0.0000170000,61481.40,-0.0000090000,61488.30,0.0000201842,61507.30,-0.0000010000,61480.20,0.0000310000,61484.00,0.0000742240,61455.10,0.0000150000
2026-06-11 08:00,62694.45,0.0000252500,62683.60,-0.0000603239,62682.90,-0.0000680000,62685.70,-0.0000400000,62692.50,0.0000240000,62690.60,0.0000883620,62710.00,-0.0000150000,62689.40,0.0000960000,62690.00,0.0000458764,62652.10,0.0000330000
2026-06-11 16:00,62721.20,0.0000273600,62724.00,-0.0000239606,62727.30,-0.0000450000,62729.40,-0.0000030000,62724.00,0.0000270000,62722.80,0.0000025431,62749.40,-0.0000230000,62723.90,0.0000640000,62717.00,0.0000215046,62695.20,0.0000300000
2026-06-12 00:00,63598.00,-0.0000130300,63597.00,-0.0000049527,63599.70,-0.0000300000,63599.20,0.0000110000,63595.70,-0.0000130000,63590.70,-0.0000535445,63625.70,-0.0000090000,63598.90,0.0000850000,63621.00,0.0000697213,63568.20,0.0000170000
2026-06-12 08:00,63066.40,0.0000244600,63063.00,0.0000133816,63070.20,0.0000020000,63068.60,0.0000540000,63066.50,0.0000240000,63078.80,0.0001000000,63104.30,0.0000180000,63066.30,0.0000270000,63064.00,0.0000719433,63015.90,0.0000070000
2026-06-12 16:00,63557.10,0.0000084000,63564.20,-0.0000223589,63561.80,-0.0000220000,63562.40,0.0000350000,63558.50,0.0000100000,63576.70,-0.0000158295,63598.00,-0.0000350000,63570.90,0.0000520000,63570.00,0.0000289924,63541.50,-0.0000050000
2026-06-13 00:00,63546.90,0.0000535700,63541.90,0.0000091149,63552.60,0.0000780000,63547.30,0.0000800000,63547.00,0.0000530000,63556.40,0.0001000000,63576.50,0.0000580000,63546.40,0.0000780000,63560.00,0.0001000000,63545.10,-0.0000320000
2026-06-13 08:00,63823.90,0.0000006000,63812.60,0.0000086943,63816.60,0.0000440000,63813.90,0.0000180000,63821.40,0.0000000000,63805.40,0.0000028005,63842.30,0.0000400000,63818.90,0.0000450000,63829.00,0.0001000000,63807.00,0.0000150000
2026-06-13 16:00,64265.10,0.0000093800,64262.50,-0.0000639575,64258.30,-0.0000780000,64258.70,-0.0000690000,64265.00,0.0000090000,64264.00,-0.0000503399,64296.20,-0.0000090000,64263.60,0.0000140000,64289.00,0.0000986048,64241.80,-0.0000070000
2026-06-14 00:00,64418.20,-0.0000451000,64417.20,-0.0000312940,64415.40,-0.0000480000,64419.90,-0.0000410000,64418.20,-0.0000450000,64426.10,0.0000666682,64445.90,-0.0000190000,64417.50,0.0000070000,64427.00,0.0001000000,64424.90,-0.0000170000
2026-06-14 08:00,64392.71,-0.0000465700,64402.60,-0.0000338985,64399.40,-0.0000110000,64404.80,0.0000050000,64392.40,-0.0000460000,64409.50,0.0000886711,64425.80,-0.0000020000,64400.30,0.0000050000,64409.00,0.0000969642,64405.00,-0.0000020000
2026-06-14 16:00,63995.20,-0.0000326500,63984.90,-0.0000759113,63991.40,0.0000050000,63988.90,0.0000090000,63995.20,-0.0000320000,64006.10,-0.0000307109,64012.60,-0.0000050000,63992.60,0.0000140000,63997.00,0.0000898931,63995.00,0.0000310000
2026-06-15 00:00,65709.80,0.0000280800,65697.80,-0.0000583460,65702.30,0.0000190000,65701.40,-0.0000080000,65704.80,0.0000280000,65704.20,-0.0000681312,65727.80,0.0000180000,65707.90,-0.0000570000,65719.00,0.0000913956,65700.00,0.0000390000
2026-06-15 08:00,65642.40,0.0000062100,65648.50,-0.0000689248,65643.80,-0.0000420000,65646.60,-0.0000600000,65642.30,0.0000060000,65634.90,-0.0000362239,65660.00,-0.0000650000,65643.60,-0.0000720000,65647.00,0.0000920437,65632.30,-0.0000050000
2026-06-15 16:00,67247.21,-0.0000607900,67252.70,-0.0000739036,67245.50,-0.0001250000,67246.80,-0.0000660000,67248.50,-0.0000600000,67257.00,-0.0000634034,67277.00,-0.0000780000,67243.60,-0.0001250000,67250.00,0.0000848678,67239.80,-0.0000210000
2026-06-16 00:00,66286.21,-0.0000042800,66292.70,-0.0000130999,66286.20,-0.0000480000,66289.50,0.0000210000,66285.90,-0.0000030000,66298.00,-0.0000009133,66300.50,-0.0001780000,66289.50,-0.0000490000,66293.00,0.0000222802,66262.90,-0.0000520000
2026-06-16 08:00,66341.80,-0.0000111000,66333.60,-0.0000592277,66341.50,0.0000150000,66336.50,-0.0000060000,66341.80,-0.0000110000,66334.50,-0.0000751429,66363.30,-0.0001590000,66339.50,0.0000150000,66343.00,0.0000161103,66348.80,-0.0000090000
2026-06-16 16:00,65841.90,0.0000024600,65834.80,-0.0000108643,65834.50,0.0000220000,65835.20,0.0000610000,65841.90,0.0000020000,65851.20,-0.0000760155,65866.70,-0.0000170000,65844.10,-0.0000110000,65851.00,0.0000748591,65823.00,0.0000450000
2026-06-17 00:00,65645.03,0.0000195700,65648.70,0.0000359943,65640.00,0.0000020000,65645.50,0.0000560000,65644.80,0.0000190000,65646.40,-0.0000097954,65670.70,0.0000440000,65644.40,0.0000550000,65640.00,0.0000828965,65620.70,0.0000370000
2026-06-17 08:00,65507.06,-0.0000668500,65505.00,-0.0000248951,65507.20,0.0000020000,65500.80,0.0000150000,65503.90,-0.0000670000,65519.10,-0.0000736267,65527.90,-0.0000320000,65504.70,0.0000180000,65512.00,0.0000665707,65468.20,0.0000120000
2026-06-17 16:00,65714.69,-0.0000258200,65719.90,-0.0000342402,65709.10,0.0000090000,65712.60,0.0000270000,65712.60,-0.0000250000,65710.80,-0.0001437529,65738.40,-0.0000040000,65715.50,0.0000110000,65730.00,0.0000905446,65691.80,-0.0000130000
2026-06-18 00:00,64476.94,0.0000263600,64471.30,0.0000049965,64476.00,0.0000760000,64475.00,0.0000370000,64477.40,0.0000260000,64477.60,-0.0000304340,64504.00,-0.0000130000,64474.10,0.0000770000,64470.00,0.0000172324,64442.60,-0.0000090000
2026-06-18 08:00,64472.46,0.0000189600,64474.10,0.0000271213,64472.70,0.0000690000,64470.30,0.0000470000,64470.30,0.0000190000,64467.40,-0.0000325213,64501.40,0.0000380000,64470.70,0.0000700000,64476.00,-0.0000315611,64436.00,-0.0000140000
2026-06-18 16:00,62339.40,0.0000087200,62332.20,0.0000356519,62340.70,0.0000440000,62334.50,0.0000540000,62341.70,0.0000090000,62323.80,-0.0000125502,62359.50,-0.0000060000,62333.20,0.0000440000,62338.00,-0.0000172363,62283.10,-0.0000050000
2026-06-19 00:00,62924.10,0.0000603900,62920.80,0.0000013446,62920.00,-0.0000150000,62922.20,0.0000220000,62924.10,0.0000600000,62932.10,-0.0000802362,62950.10,0.0000090000,62923.50,0.0000610000,62936.00,0.0000742920,62877.00,-0.0000180000
2026-06-19 08:00,62593.69,0.0000198400,62598.30,0.0000324497,62593.30,-0.0000050000,62594.50,0.0000380000,62592.40,0.0000200000,62603.20,0.0000710805,62617.30,0.0000010000,62593.40,0.0000340000,62598.00,0.0000899814,62554.20,-0.0000190000
2026-06-19 16:00,63193.00,0.0000282300,63187.70,-0.0000049910,63184.90,0.0000060000,63187.90,0.0000110000,63193.10,0.0000270000,63181.90,-0.0000625825,63212.30,-0.0000240000,63185.70,0.0000260000,63183.00,0.0000799254,63152.00,-0.0000350000
2026-06-20 00:00,63512.60,0.0000581400,63510.40,0.0000205882,63512.80,0.0000160000,63510.90,0.0000420000,63512.50,0.0000590000,63519.70,0.0000125977,63534.50,0.0000010000,63511.80,0.0000610000,63513.00,0.0000969328,63473.10,-0.0000180000
2026-06-20 08:00,63624.90,0.0000263300,63622.70,-0.0000188323,63622.10,-0.0000310000,63622.90,-0.0000050000,63621.30,0.0000260000,63609.00,-0.0000823226,63643.60,-0.0000310000,63620.60,0.0000260000,63618.00,0.0000804341,63579.30,-0.0000600000
2026-06-20 16:00,64129.20,0.0000398500,64129.80,0.0000020837,64129.90,0.0000050000,64137.90,0.0000330000,64130.00,0.0000380000,64115.20,-0.0000295449,64161.20,-0.0000090000,64124.00,0.0000450000,64121.00,0.0000605680,64098.00,-0.0000410000
2026-06-21 00:00,64275.97,0.0000077800,64261.60,-0.0000088262,64259.50,0.0000020000,64265.60,0.0000330000,64270.00,0.0000070000,64278.60,0.0000144454,64286.90,-0.0000590000,64267.10,0.0000100000,64276.00,0.0000659162,64224.00,-0.0000060000
2026-06-21 08:00,64171.32,0.0000303400,64165.10,-0.0000149223,64160.00,-0.0000530000,64160.10,0.0000010000,64169.90,0.0000300000,64167.50,-0.0000185321,64182.60,-0.0000520000,64170.10,-0.0000530000,64160.00,0.0000583798,64111.10,-0.0000060000
2026-06-21 16:00,64200.30,0.0000418900,64191.70,-0.0000119152,64195.60,-0.0000360000,64190.40,0.0000110000,64197.70,0.0000410000,64185.70,-0.0000525202,64216.70,-0.0000100000,64195.20,-0.0000370000,64186.00,-0.0000318679,64137.10,-0.0000320000
2026-06-22 00:00,63287.10,0.0000657200,63278.90,-0.0000288483,63279.90,0.0000110000,63289.00,0.0000230000,63287.10,0.0000650000,63273.70,-0.0000788553,63311.90,-0.0000540000,63278.40,0.0000660000,63270.00,-0.0000514748,63226.90,-0.0000740000
2026-06-22 08:00,64188.00,0.0000151400,64179.30,0.0000287541,64181.90,0.0000300000,64177.10,0.0000420000,64188.00,0.0000140000,64184.10,0.0000468248,64206.70,-0.0000290000,64179.80,0.0000310000,64177.00,0.0000093359,64140.10,-0.0000200000
2026-06-22 16:00,64808.00,0.0000481300,64803.50,0.0000414574,64810.30,0.0000200000,64808.00,0.0000250000,64807.90,0.0000470000,64806.30,0.0000542517,64826.90,-0.0000290000,64804.90,0.0000140000,64802.00,0.0000610231,64753.00,-0.0000120000
2026-06-23 00:00,63990.41,0.0000404100,63993.90,0.0000486570,63993.80,0.0001000000,63993.40,0.0001000000,63990.20,0.0000400000,63999.20,0.0000954870,64018.40,0.0000420000,63991.60,0.0001000000,64012.00,0.0001000000,63961.00,0.0000170000
2026-06-23 08:00,62849.20,0.0000165500,62846.20,0.0000106302,62849.90,0.0000510000,62859.90,0.0000680000,62849.30,0.0000170000,62837.90,0.0000842766,62878.60,0.0000130000,62849.40,0.0000530000,62851.00,0.0000493550,62809.60,0.0000380000
2026-06-23 16:00,62457.30,-0.0000188900,62459.90,0.0000275155,62461.10,0.0000440000,62455.00,0.0000190000,62455.40,-0.0000200000,62448.50,-0.0000313862,62484.30,-0.0000210000,62459.50,0.0000440000,62461.00,0.0000101892,62412.20,0.0000010000
2026-06-24 00:00,62696.80,0.0000215400,62701.50,0.0000259856,62698.10,0.0000300000,62697.60,0.0000250000,62696.70,0.0000220000,62687.20,-0.0001371626,62720.50,0.0000160000,62697.80,0.0000310000,62706.00,0.0000924203,62650.00,-0.0000040000
2026-06-24 08:00,62630.10,0.0000213400,62627.00,0.0000832808,62630.20,0.0000330000,62632.00,0.0000300000,62630.40,0.0000220000,62628.80,-0.0000069585,62654.20,0.0000130000,62622.60,0.0000840000,62616.00,0.0000742079,62583.40,0.0000120000
2026-06-24 16:00,60256.30,0.0000002700,60252.70,0.0000432527,60252.40,0.0000690000,60250.20,0.0000330000,60256.40,0.0000000000,60257.30,0.0000534676,60277.80,0.0000090000,60250.10,0.0000660000,60245.00,0.0000270330,60176.90,-0.0000010000
2026-06-25 00:00,61051.20,-0.0000142300,61050.10,-0.0000459301,61051.70,0.0000500000,61047.80,-0.0000390000,61051.20,-0.0000140000,61046.20,-0.0000433389,61070.20,0.0000060000,61051.70,0.0000500000,61048.00,0.0000103049,60976.70,-0.0000680000
2026-06-25 08:00,61886.70,-0.0000180300,61877.60,-0.0000779944,61878.80,-0.0000370000,61877.70,-0.0000670000,61886.80,-0.0000180000,61874.30,0.0000210738,61906.90,-0.0000360000,61881.60,-0.0000150000,61875.00,-0.0000065195,61804.20,-0.0000700000
2026-06-25 16:00,59532.80,0.0000158000,59528.30,-0.0000344282,59541.90,0.0000160000,59532.70,-0.0000040000,59174.00,0.0000140000,59535.50,0.0000381869,59561.70,-0.0000290000,59527.30,0.0000130000,59530.00,-0.0000623876,59448.70,-0.0000780000
2026-06-26 00:00,59769.90,0.0000529800,59767.30,0.0000013442,59773.80,0.0000920000,59767.40,0.0000330000,59769.90,0.0000530000,59761.70,-0.0000268975,59791.30,0.0000130000,59767.60,0.0000930000,59760.00,-0.0000207338,59686.30,-0.0001080000
2026-06-26 08:00,60501.94,0.0000590400,60486.20,0.0000096635,60487.00,-0.0000070000,60492.00,-0.0000280000,60492.40,0.0000600000,60496.90,-0.0000525169,60510.90,-0.0000190000,60496.60,0.0000620000,60500.00,-0.0000306427,60415.30,-0.0001140000
2026-06-26 16:00,60300.50,0.0000730800,60297.40,0.0000820730,60294.10,0.0001000000,60292.80,0.0000630000,60298.30,0.0000730000,60296.50,0.0000443477,60321.60,0.0000110000,60303.60,0.0001000000,60300.00,-0.0000126586,60228.00,-0.0000820000
2026-06-27 00:00,60072.00,0.0000525500,60072.10,0.0000406268,60077.80,0.0001000000,60074.40,0.0000800000,60072.00,0.0000520000,60080.20,0.0001000000,60097.00,0.0000570000,60072.70,0.0001000000,60074.00,-0.0000109028,59998.70,-0.0000420000
2026-06-27 08:00,60521.80,0.0000428400,60516.10,0.0000505489,60520.00,0.0001000000,60510.60,0.0000290000,60521.80,0.0000420000,60522.10,-0.0000086941,60545.80,0.0000370000,60519.90,0.0001000000,60519.00,0.0000118283,60449.00,-0.0000530000
2026-06-27 16:00,60817.30,0.0000374200,60816.10,0.0000322702,60818.80,0.0000070000,60809.90,-0.0000210000,60817.30,0.0000360000,60810.40,-0.0000446168,60841.10,-0.0000360000,60815.30,0.0000360000,60814.00,0.0000116371,60740.40,-0.0000420000
2026-06-28 00:00,60000.40,0.0000425800,59996.70,0.0000402316,60004.20,0.0000640000,59999.90,0.0000760000,60000.40,0.0000430000,60005.20,0.0000049167,60023.20,0.0000250000,59998.20,0.0000630000,59996.00,0.0000315472,59932.40,-0.0000340000
2026-06-28 08:00,60192.50,0.0000135500,60192.00,0.0000319960,60192.20,0.0001000000,60189.60,0.0000600000,60192.40,0.0000130000,60182.30,-0.0000337129,60213.70,0.0000610000,60191.80,0.0001000000,60191.00,0.0000329790,60130.20,-0.0000430000
2026-06-28 16:00,59854.55,0.0000443000,59865.40,0.0000395436,59859.50,0.0000720000,59865.90,0.0000550000,59850.00,0.0000450000,59856.90,0.0000532524,59886.90,0.0000260000,59859.80,0.0000720000,59855.00,0.0000020847,59793.10,-0.0000390000
2026-06-29 00:00,59550.30,0.0000311200,59548.90,0.0000046598,59553.40,0.0001000000,59552.30,0.0000700000,59550.20,0.0000310000,59551.70,0.0000710041,59570.80,0.0000470000,59550.10,0.0001000000,59549.00,0.0000269908,59479.50,-0.0000400000
2026-06-29 08:00,60001.23,0.0000744400,59990.10,0.0000503635,59985.40,-0.0000010000,59987.60,0.0000470000,59998.90,0.0000750000,59999.00,0.0000777151,60015.20,-0.0000140000,60000.00,0.0000760000,59997.00,0.0000268130,59927.00,-0.0000320000
2026-06-29 16:00,59800.20,0.0000865800,59788.70,0.0000717956,59800.60,0.0001000000,59794.80,0.0000790000,59800.30,0.0000870000,59793.90,0.0001000000,59820.30,0.0000490000,59797.20,0.0001000000,59792.00,0.0000600956,59712.50,-0.0000280000
2026-06-30 00:00,60229.36,0.0000617500,60231.30,0.0000845799,60230.60,0.0000580000,60228.90,0.0000630000,60227.30,0.0000630000,60234.90,0.0000714008,60246.70,0.0000280000,60229.40,0.0001000000,60228.00,0.0000472454,60170.00,-0.0000030000
2026-06-30 08:00,59498.43,0.0000834900,59492.80,0.0000521935,59505.10,0.0001000000,59497.60,0.0001000000,59498.60,0.0000820000,59502.80,0.0000936570,59524.90,0.0000250000,59500.10,0.0001000000,59508.00,0.0000590300,59428.90,-0.0000100000
2026-06-30 16:00,58356.64,0.0000332700,58359.90,0.0000641178,58365.80,0.0001000000,58358.90,0.0000890000,58356.10,0.0000340000,58360.30,0.0001000000,58392.30,0.0000750000,58358.70,0.0001000000,58356.00,0.0000789077,58271.80,-0.0000130000
2026-07-01 00:00,58605.50,0.0000553200,58604.10,0.0000477135,58608.30,0.0001000000,58602.00,0.0000660000,58602.60,0.0000550000,58601.10,0.0000632548,58627.20,0.0000890000,58604.40,0.0001000000,58604.00,0.0000639738,58530.00,-0.0000420000
2026-07-01 08:00,58744.40,0.0000185300,58743.50,0.0000130448,58747.90,0.0000450000,58746.60,0.0000450000,58742.50,0.0000170000,58742.20,0.0000351591,58773.60,0.0000890000,58744.70,0.0000910000,58744.00,0.0000222307,58685.50,-0.0000340000
2026-07-01 16:00,60120.69,0.0000707300,60123.30,0.0000376950,60114.30,0.0000270000,60117.10,0.0000410000,60118.50,0.0000700000,60108.10,0.0000557259,60137.80,0.0000910000,60122.70,0.0000800000,60122.00,0.0000691214,60087.10,-0.0000220000
2026-07-02 00:00,59999.60,0.0000800100,60003.10,0.0000903423,60005.40,0.0000690000,60006.20,0.0000710000,59999.20,0.0000810000,59994.60,0.0000484885,60030.20,0.0000880000,60001.50,0.0000910000,60010.00,0.0001000000,59958.90,0.0000060000
2026-07-02 08:00,60126.10,0.0000523800,60119.20,0.0001000000,60130.10,0.0000410000,60126.20,0.0000810000,60125.80,0.0000500000,60110.40,-0.0000719233,60151.10,0.0000630000,60127.00,0.0001000000,60150.00,0.0001000000,60085.40,-0.0000100000
2026-07-02 16:00,61583.70,0.0000526100,61583.40,0.0000311543,61579.90,-0.0000510000,61582.30,0.0000090000,61577.50,0.0000520000,61569.00,-0.0002303206,61610.90,0.0000420000,61578.00,0.0000590000,61601.00,0.0001000000,61548.40,0.0000060000
2026-07-03 00:00,61540.74,0.0001000000,61537.00,0.0001000000,61538.30,0.0000860000,61534.40,0.0000990000,61540.60,0.0001000000,61510.70,-0.0001560271,61560.60,0.0001210000,61537.20,0.0001000000,61587.00,0.0001000000,61495.90,0.0000250000
2026-07-03 08:00,61733.60,0.0001000000,61733.40,0.0001000000,61730.90,0.0001000000,61728.80,0.0001000000,61733.70,0.0001000000,61703.20,-0.0003153446,61758.50,0.0001620000,61734.70,0.0001000000,61788.00,0.0001064181,61693.00,0.0000570000
2026-07-03 16:00,61895.70,0.0000374000,61899.90,0.0000538283,61891.70,0.0000200000,61896.20,-0.0000160000,61895.10,0.0000380000,61848.40,-0.0005458078,61919.50,0.0000170000,61896.70,0.0000540000,61933.00,0.0001000000,61879.00,0.0000410000
2026-07-04 00:00,62570.25,0.0001000000,62553.00,0.0000407758,62550.40,-0.0000820000,62552.50,-0.0000120000,62565.50,0.0001000000,62527.20,-0.0004075380,62576.20,-0.0000020000,62557.60,0.0001000000,62575.00,0.0001000000,62529.50,0.0000650000
2026-07-04 08:00,62549.30,0.0001000000,62539.50,0.0000608954,62540.10,0.0000100000,62536.20,0.0000520000,62549.30,0.0001000000,62551.20,0.0001000000,62568.40,0.0000670000,62545.00,0.0001000000,62570.00,0.0001000000,62522.70,0.0000460000
2026-07-04 16:00,62914.35,0.0000948000,62906.70,0.0000644399,62900.70,0.0000080000,62898.40,-0.0000230000,62908.70,0.0000940000,62898.50,0.0001000000,62931.20,0.0000510000,62910.10,0.0000930000,62921.00,0.0001000000,62885.40,0.0000230000
2026-07-05 00:00,63114.80,0.0000953300,63119.30,0.0001000000,63110.50,-0.0000290000,63109.50,-0.0000120000,63113.40,0.0000960000,63116.30,0.0001000000,63138.60,-0.0000060000,63114.90,0.0001000000,63128.00,0.0001000000,63090.80,0.0000190000
2026-07-05 08:00,62997.88,0.0000887300,62990.10,0.0000736099,62989.00,0.0000510000,62989.20,0.0000470000,62995.20,0.0000880000,62994.80,0.0000914977,63016.70,0.0000090000,62992.00,0.0000870000,63024.00,0.0001000000,62970.00,0.0000350000
2026-07-05 16:00,62712.00,0.0000860800,62710.10,0.0000211483,62715.70,0.0000230000,62709.70,0.0000320000,62712.00,0.0000860000,62701.40,0.0000059507,62735.30,0.0000180000,62711.00,0.0000870000,62736.00,0.0001000000,62691.50,0.0000320000
2026-07-06 00:00,63625.51,0.0000770000,63613.40,0.0000617668,63602.70,0.0000030000,63601.70,-0.0000110000,63617.20,0.0000760000,63620.70,0.0000299411,63637.30,0.0000250000,63620.20,0.0000030000,63635.00,0.0001000000,63591.20,0.0000350000
2026-07-06 08:00,63064.50,0.0000612000,63065.10,0.0000982479,63070.00,0.0000480000,63060.90,0.0000340000,63064.70,0.0000600000,63059.10,0.0000647645,63100.10,-0.0000110000,63065.10,0.0000980000,63104.00,0.0001000000,63031.20,0.0000400000
2026-07-06 16:00,63523.10,0.0001000000,63519.90,0.0000435733,63509.80,0.0001000000,63511.00,0.0000790000,63519.90,0.0001000000,63519.20,0.0000811415,63542.90,0.0001100000,63507.10,0.0001000000,63539.00,0.0001000000,63507.80,0.0000200000
2026-07-07 00:00,64023.50,0.0001000000,64025.50,0.0001000000,64017.80,0.0000650000,64019.40,0.0000810000,64023.60,0.0001000000,64024.60,0.0001000000,64046.90,0.0000550000,64021.50,0.0001000000,64054.00,0.0001000000,64015.80,0.0000300000
2026-07-07 08:00,63062.70,0.0000579200,63061.30,0.0000678141,63062.50,0.0000930000,63059.30,0.0000610000,63062.60,0.0000580000,63050.30,0.0001000000,63086.10,0.0001160000,63061.30,0.0000930000,63088.00,0.0001000000,63044.40,0.0000490000
2026-07-07 16:00,63909.90,0.0000682500,63913.40,0.0000589597,63899.90,0.0000280000,63909.40,0.0000480000,63910.00,0.0000680000,63895.90,0.0000980706,63932.50,0.0000450000,63910.60,0.0001000000,63942.00,0.0001000000,63890.30,0.0000220000
2026-07-08 00:00,63331.20,0.0000484600,63338.90,0.0000568820,63338.40,0.0000400000,63333.00,0.0000380000,63331.70,0.0000490000,63330.90,0.0000523349,63359.60,0.0000370000,63332.70,0.0000570000,63355.00,0.0001000000,63335.90,0.0000390000
2026-07-08 08:00,62857.19,0.0000072400,62855.00,0.0000444624,62858.50,0.0000720000,62856.80,0.0000360000,62854.10,0.0000060000,62856.10,0.0000967436,62878.90,0.0000220000,62856.30,0.0000720000,62888.00,0.0001000000,62840.70,0.0000330000
2026-07-08 16:00,61683.73,0.0000717100,61671.70,0.0000851580,61677.10,0.0001000000,61671.20,0.0000730000,61674.50,0.0000710000,61686.80,0.0001000000,61697.50,0.0000490000,61681.80,0.0001000000,61706.00,0.0001000000,61641.60,0.0000250000
2026-07-09 00:00,62257.50,0.0000616000,62253.60,0.0000723411,62252.20,0.0000400000,62253.20,0.0000470000,62257.50,0.0000620000,62264.00,0.0000279767,62284.70,0.0000610000,62258.50,0.0000910000,62283.00,0.0001000000,62234.00,0.0000040000
2026-07-09 08:00,62973.70,0.0000661500,62973.70,0.0000013106,62968.70,-0.0000230000,62970.10,-0.0000310000,62973.60,0.0000660000,62966.70,0.0000235027,62994.10,0.0000270000,62974.20,0.0000670000,63001.00,0.0001000000,62944.50,-0.0000070000
2026-07-09 16:00,62837.77,0.0000491200,62835.00,0.0000351831,62829.60,0.0000240000,62830.10,0.0000210000,62835.40,0.0000480000,62839.50,0.0000554456,62853.10,0.0000220000,62836.70,0.0000540000,62847.00,0.0001000000,62814.00,0.0000130000
2026-07-10 00:00,63197.36,0.0000905800,63196.90,0.0000732355,63194.50,0.0000180000,63199.50,0.0000450000,63197.80,0.0000910000,63200.00,0.0001000000,63222.10,0.0000240000,63198.60,0.0000920000,63224.00,0.0001000000,63183.10,0.0000410000
2026-07-10 08:00,63956.10,0.0000724700,63955.60,0.0000840925,63950.10,-0.0000500000,63948.70,0.0000090000,63956.20,0.0000710000,63953.20,0.0000790187,63983.40,0.0000530000,63959.00,-0.0000520000,63988.00,0.0001000000,63951.90,0.0000420000
2026-07-10 16:00,64023.10,0.0000950800,64018.10,0.0000754951,64020.20,0.0000300000,64014.60,0.0000860000,64019.90,0.0000940000,64011.90,0.0001000000,64039.10,0.0000530000,64014.60,0.0000220000,64039.00,0.0001000000,64006.60,0.0000460000
2026-07-11 00:00,64129.40,0.0001000000,64137.70,0.0000822512,64137.50,0.0001000000,64135.70,0.0001000000,64129.50,0.0001000000,64126.80,0.0001000000,64154.30,0.0000520000,64135.70,0.0000670000,64156.00,0.0001000000,64128.00,0.0000430000
2026-07-11 08:00,64132.60,0.0000094200,64132.40,-0.0000215212,64123.00,-0.0000090000,64130.50,-0.0000040000,64132.70,0.0000080000,64120.60,-0.0000657847,64154.70,-0.0000460000,64139.40,-0.0000230000,64146.00,0.0001000000,64111.30,0.0000000000
2026-07-11 16:00,64142.51,0.0000415600,64145.50,0.0000340337,64145.30,0.0000030000,64144.50,0.0000110000,64139.00,0.0000420000,64147.00,-0.0000678026,64169.40,-0.0000110000,64143.00,0.0000010000,64175.00,0.0001000000,64120.30,0.0000060000
2026-07-12 00:00,63787.76,0.0000465100,63780.20,0.0000665194,63790.10,0.0000350000,63786.00,0.0000350000,63783.10,0.0000460000,63788.20,0.0000305385,63806.70,0.0000270000,63786.10,0.0000710000,63823.00,0.0001000000,63784.80,-0.0000090000
2026-07-12 08:00,63856.50,0.0000631500,63857.60,0.0000627690,63859.90,0.0000720000,63855.50,0.0000470000,63856.50,0.0000630000,63858.80,0.0000403696,63881.60,0.0000210000,63857.20,0.0000720000,63883.00,0.0001000000,63850.90,0.0000270000
2026-07-12 16:00,64150.28,0.0000757800,64153.10,0.0000564601,64148.30,0.0000610000,64146.20,0.0000370000,64150.00,0.0000750000,64135.60,0.0000132903,64172.10,0.0000670000,64148.80,0.0000760000,64168.00,0.0001000000,64143.70,0.0000340000
2026-07-13 00:00,63750.00,0.0000152100,63750.00,0.0000670988,63752.00,0.0000520000,63747.80,0.0000620000,63750.00,0.0000150000,63753.00,0.0000201121,63778.90,0.0000090000,63750.70,0.0000680000,63780.00,0.0001000000,63741.30,0.0000250000
2026-07-13 08:00,62952.80,0.0000485600,62951.60,0.0000070183,62964.90,0.0001000000,62954.10,0.0000650000,62952.70,0.0000490000,62956.90,0.0001000000,62985.10,0.0000680000,62952.00,0.0001000000,63003.00,0.0001000000,62948.90,0.0000360000
2026-07-13 16:00,62603.80,0.0001000000,62587.00,0.0000885518,62595.90,0.0001000000,62588.70,0.0000830000,62596.60,0.0001000000,62597.10,0.0001000000,62622.20,0.0001000000,62594.40,0.0001000000,62635.00,0.0001000000,62563.10,0.0000490000
2026-07-14 00:00,62307.00,0.0000825600,62313.20,0.0000666043,62319.30,0.0001000000,62306.20,0.0000870000,62306.90,0.0000830000,62297.00,0.0000492348,62335.40,0.0001000000,62310.50,0.0001000000,62331.00,0.0001000000,62268.60,0.0000290000
2026-07-14 08:00,62529.70,0.0000348900,62521.40,0.0000156977,62521.00,0.0000510000,62521.00,0.0000050000,62529.70,0.0000340000,62531.40,0.0000760461,62548.50,0.0001000000,62524.20,0.0000730000,62537.00,0.0001000000,62477.50,0.0000270000
2026-07-14 16:00,64727.50,0.0000559000,64731.60,0.0000799498,64720.00,-0.0000300000,64727.80,0.0000210000,64727.50,0.0000540000,64726.40,0.0000785025,64729.20,0.0001000000,64731.60,-0.0000320000,64727.00,0.0000991182,64710.00,0.0000330000
2026-07-15 00:00,65017.65,0.0001000000,65010.00,0.0001000000,65008.00,0.0000900000,65010.00,0.0001000000,65014.60,0.0001000000,64998.00,0.0000683297,65013.70,0.0000800000,65012.80,0.0000720000,65000.00,0.0000995390,65003.50,0.0000430000
2026-07-15 08:00,64530.40,0.0001000000,64524.90,0.0001000000,64527.90,0.0000900000,64528.30,0.0001000000,64532.50,0.0001000000,64540.20,0.0000305055,64528.30,0.0001000000,64529.20,0.0000700000,64554.00,0.0001000000,64518.80,0.0000570000
2026-07-15 16:00,65392.88,0.0000445700,65389.00,0.0000295691,65384.40,0.0000270000,65389.80,0.0000490000,65391.60,0.0000440000,65380.60,0.0000251778,65392.30,0.0001000000,65389.50,0.0000240000,65406.00,0.0001000000,65370.50,0.0000430000
2026-07-16 00:00,64722.22,0.0000242600,64725.00,0.0000811290,64725.60,0.0000410000,64723.80,0.0000400000,64721.40,0.0000240000,64727.20,0.0000850416,64735.30,0.0001000000,64725.90,0.0000190000,64738.00,0.0000952071,64716.90,0.0000220000
2026-07-16 08:00,64204.50,0.0000758400,64210.10,0.0000378071,64205.80,0.0000600000,64205.90,0.0000830000,64200.40,0.0000750000,64214.70,0.0001000000,64216.90,0.0001000000,64208.60,0.0000284000,64222.00,0.0001000000,64188.80,0.0000300000
2026-07-16 16:00,64677.70,0.0000610200,64679.10,0.0000149897,64674.80,0.0000510000,64676.90,0.0000380000,64676.80,0.0000600000,64668.50,0.0000700955,64681.80,0.0001000000,64676.50,0.0000610000,64688.00,0.0001000000,64661.70,0.0000250000
2026-07-17 00:00,63803.91,0.0000763900,63796.00,0.0000537737,63800.20,0.0000630000,63794.50,0.0000770000,63801.10,0.0000760000,63815.00,0.0001000000,63810.00,0.0001000000,63801.10,0.0000780000,63815.00,0.0001000000,63784.00,0.0000300000
2026-07-17 08:00,62792.80,0.0000152000,62789.70,0.0000295604,62801.00,0.0001000000,62795.90,0.0000560000,62792.80,0.0000160000,62800.20,0.0001000000,62810.00,0.0001000000,62793.20,0.0001000000,62839.00,0.0001000000,62774.50,0.0000410000
2026-07-17 16:00,63432.50,0.0000604500,63436.80,0.0000546348,63435.30,0.0000820000,63428.10,0.0000180000,63432.00,0.0000600000,63431.60,0.0000725517,63469.70,0.0001000000,63435.80,0.0000820000,63478.00,0.0001000000,63412.40,0.0000280000
2026-07-18 00:00,63910.00,0.0000307400,63908.20,0.0000380167,63905.00,-0.0000100000,63908.30,0.0000120000,63905.90,0.0000300000,63910.40,0.0000421042,63910.20,0.0001000000,63905.80,0.0000370000,63927.00,0.0001000000,63902.90,0.0000190000
2026-07-18 08:00,63987.04,0.0000695500,63980.90,0.0000507953,63977.70,0.0000490000,63971.10,0.0000190000,63980.00,0.0000680000,63984.50,0.0001000000,63986.10,0.0001000000,63978.70,0.0000690000,63993.00,0.0001000000,63966.20,0.0000390000
2026-07-18 16:00,64090.00,0.0000332600,64093.00,0.0000863693,64088.70,-0.0000160000,64089.60,0.0000080000,64090.00,0.0000330000,64096.10,0.0000274259,64091.60,0.0000690000,64091.00,0.0000870000,64105.00,0.0001000000,64081.10,0.0000350000
2026-07-19 00:00,64806.70,0.0000040600,64802.50,0.0000166804,64793.00,-0.0000520000,64805.00,-0.0000110000,64805.80,0.0000030000,64803.30,0.0000618417,64804.00,-0.0001290000,64804.40,0.0000290000,64828.00,0.0001000000,64800.00,0.0000130000
2026-07-19 08:00,64692.20,0.0000690500,64694.20,0.0000594779,64688.70,0.0000030000,64688.50,0.0000530000,64692.20,0.0000680000,64683.30,0.0000908966,64683.20,-0.0000470000,64693.30,0.0001000000,64714.00,0.0001000000,64681.80,0.0000280000
2026-07-19 16:00,64552.28,0.0000523500,64549.50,0.0000422131,64550.70,0.0000690000,64550.80,0.0000640000,64545.30,0.0000520000,64541.20,0.0000992713,64539.70,-0.0000920000,64551.50,0.0000680000,64575.00,0.0001000000,64543.00,0.0000410000
2026-07-20 00:00,64694.80,0.0000489000,64700.10,0.0000149115,64700.00,0.0000650000,64697.70,0.0000350000,64694.70,0.0000480000,64699.00,0.0000012713,64686.90,-0.0001400000,64697.60,0.0000640000,64719.00,0.0001000000,64689.60,0.0000390000
2026-07-20 08:00,64250.00,0.0000527800,64242.40,-0.0000010643,64250.00,0.0000560000,64246.50,0.0000310000,64250.00,0.0000510000,64253.90,0.0001000000,64241.40,-0.0001210000,64247.40,0.0000560000,64241.00,0.0000793148,64223.10,0.0000330000
2026-07-20 16:00,65573.72,0.0000651800,65569.70,0.0000151066,65557.20,0.0000410000,65559.90,0.0000250000,65570.10,0.0000650000,65560.50,0.0001000000,65555.90,0.0000390000,65569.50,0.0000660000,65564.00,0.0000908759,65550.60,0.0000530000
2026-07-21 00:00,65227.17,0.0000540000,65224.00,0.0000078605,65225.80,0.0000110000,65225.30,0.0000180000,65224.90,0.0000540000,65218.60,-0.0000452712,65208.80,-0.0002500000,65223.90,0.0000540000,65227.00,0.0000172073,65214.90,0.0000150000
2026-07-21 08:00,66168.78,0.0000892600,66160.00,0.0000170668,66154.20,-0.0000070000,66154.80,-0.0000110000,66166.80,0.0000880000,66151.20,0.0000033334,66144.10,-0.0002270000,66166.70,-0.0000070000,66168.00,0.0000576110,66141.60,0.0000140000
2026-07-21 16:00,66648.50,0.0000189400,66650.00,-0.0000386533,66641.30,-0.0001180000,66642.80,-0.0000460000,66648.20,0.0000190000,66635.30,-0.0000776337,66622.10,-0.0003350000,66650.00,-0.0001180000,66645.00,0.0000329282,66644.40,0.0000090000
2026-07-22 00:00,66522.40,0.0000392800,66519.80,0.0000645952,66528.60,0.0000070000,66527.60,0.0000370000,66522.40,0.0000400000,66504.60,-0.0000719974,66517.60,-0.0002150000,66523.50,0.0000050000,66526.00,0.0000474735,66524.40,0.0000110000
2026-07-22 08:00,65813.40,0.0000544800,65806.40,-0.0000046095,65815.00,0.0000200000,65811.20,0.0000450000,65813.30,0.0000540000,65827.20,0.0000580520,65800.90,-0.0001990000,65813.20,-0.0000040000,65808.00,0.0000591924,65803.50,0.0000120000
2026-07-22 16:00,66016.33,0.0000144300,66011.30,0.0000072342,66006.60,0.0000310000,66005.70,0.0000320000,66014.80,0.0000140000,66000.70,0.0000307461,66004.30,-0.0000690000,66010.90,0.0000330000,66022.00,0.0000976286,66010.20,0.0000280000
2026-07-23 00:00,66084.48,-0.0000034300,66080.90,0.0000345301,66082.90,0.0000250000,66083.60,0.0000190000,66081.80,-0.0000030000,66061.10,-0.0000186433,66074.30,-0.0002040000,66080.60,0.0000350000,66086.00,0.0000832848,66087.00,0.0000080000
2026-07-23 08:00,65405.49,0.0000027100,65408.40,-0.0000333148,65407.70,0.0000200000,65408.70,0.0000140000,65406.10,0.0000020000,65409.70,0.0000334258,65402.30,-0.0001200000,65406.50,0.0000200000,65417.00,0.0000316937,65399.90,-0.0000020000
2026-07-23 16:00,64940.40,0.0000845800,64927.50,0.0000309437,64936.60,0.0001000000,64931.90,0.0000470000,64940.10,0.0000840000,64939.90,0.0000965950,64924.30,-0.0000090000,64927.10,0.0001000000,64941.00,0.0000994826,64917.30,0.0000270000
2026-07-24 00:00,65069.66,0.0000759800,65066.00,0.0000001462,65065.00,0.0000620000,65067.40,0.0000280000,65069.50,0.0000750000,65105.10,0.0001000000,65063.40,-0.0000190000,65067.80,0.0000770000,65070.00,0.0000814865,65050.80,0.0000110000
2026-07-24 08:00,65470.00,0.0000514900,65470.60,-0.0000083476,65469.50,0.0000210000,65469.00,-0.0000040000,65470.10,0.0000510000,65523.80,0.0001000000,65462.70,-0.0000550000,65470.40,0.0000520000,65488.00,0.0000730956,65455.90,0.0000010000
2026-07-24 16:00,64068.70,0.0000587900,64060.80,0.0000463556,64070.40,0.0001000000,64060.50,0.0000480000,64070.10,0.0000580000,64110.50,0.0001000000,64073.20,0.0001000000,64065.40,0.0001000000,64087.00,0.0000989212,64043.60,0.0000170000
2026-07-25 00:00,64116.50,0.0000607400,64119.60,0.0000297245,64116.20,0.0001000000,64113.70,0.0000230000,64116.40,0.0000600000,64177.60,0.0001000000,64116.90,0.0000940000,64116.20,0.0001000000,64122.00,0.0001000000,64091.30,0.0000400000
2026-07-25 08:00,63973.15,0.0000542500,63973.10,0.0000285540,63975.00,0.0000510000,63971.90,0.0000280000,63972.90,0.0000540000,64030.00,0.0001000000,63983.10,0.0000730000,63975.80,0.0000550000,63985.00,0.0000831804,63948.10,0.0000140000
2026-07-25 16:00,64150.05,0.0000072900,64152.50,-0.0000019531,64148.50,0.0000230000,64150.50,0.0000040000,64150.10,0.0000060000,64190.40,0.0001000000,64149.00,0.0000570000,64149.40,0.0000240000,64157.00,0.0000824681,64114.40,-0.0000000000
2026-07-26 00:00,64343.23,0.0000387800,64344.30,0.0000404470,64341.10,-0.0000020000,64337.10,0.0000030000,64338.00,0.0000380000,64353.10,0.0001000000,64342.90,0.0000180000,64346.20,0.0000400000,64361.00,0.0001000000,64304.90,-0.0000400000
2026-07-26 08:00,64342.46,0.0000588400,64348.50,0.0000291130,64340.50,-0.0000100000,64336.40,0.0000160000,64341.30,0.0000580000,64354.30,0.0001000000,64338.60,0.0000140000,64342.20,0.0000580000,64347.00,0.0000952038,64299.60,-0.0000300000
2026-07-26 16:00,64733.60,0.0000581900,64737.20,0.0000107069,64734.00,-0.0000180000,64733.40,-0.0000150000,64733.60,0.0000580000,64759.40,0.0001000000,64733.90,-0.0000010000,64738.00,0.0000590000,64737.00,0.0000511307,64698.40,-0.0000570000
2026-07-27 00:00,65375.10,0.0000614700,65379.30,0.0000756427,65373.60,-0.0000050000,65374.50,0.0000250000,65373.90,0.0000610000,65378.40,0.0001000000,65385.80,0.0001000000,65376.30,0.0000750000,65372.00,0.0000547076,65349.80,-0.0000360000
2026-07-27 08:00,65196.21,0.0000645200,65199.00,0.0000525093,65196.10,0.0000070000,65198.10,0.0000230000,65196.10,0.0000640000,65205.60,0.0001000000,65200.10,0.0001000000,65198.50,0.0000650000,65190.00,0.0000785343,65174.50,0.0000190000
2026-07-27 16:00,64519.25,0.0000504000,64520.00,0.0000228281,64525.10,0.0000620000,64520.70,0.0000470000,64517.10,0.0000520000,64568.40,0.0001000000,64523.90,0.0000780000,64522.30,0.0000620000,64515.00,0.0000427105,64483.70,0.0000410000
2026-07-28 00:00,63721.93,0.0000420800,63727.40,0.0000242408,63729.20,0.0000550000,63728.00,0.0000370000,63723.70,0.0000420000,63776.70,0.0001000000,63735.50,0.0000800000,63725.40,0.0000550000,63737.00,0.0000064384,63700.10,0.0000390000
2026-07-28 08:00,63476.80,0.0000012500,63468.40,-0.0000191623,63474.30,0.0000530000,63472.30,-0.0000030000,63476.80,0.0000010000,63498.50,0.0001000000,63476.00,0.0001000000,63471.20,0.0000540000,63480.00,0.0000891697,63436.20,0.0000070000
2026-07-28 16:00,63903.53,0.0000668900,63895.30,0.0000217766,63887.70,0.0000450000,63895.00,0.0000420000,63899.40,0.0000660000,63918.60,0.0001000000,63900.20,0.0001000000,63899.60,0.0000660000,63910.00,0.0001000000,63862.80,0.0000180000
2026-07-29 00:00,63903.60,0.0001000000,63900.10,0.0000630483,63900.00,0.0000330000,63900.00,0.0000270000,63903.60,0.0001000000,63916.90,0.0001000000,63899.00,0.0000860000,63901.80,0.0001000000,63907.00,0.0000714686,63848.40,0.0000280000
2026-07-29 08:00,64534.36,0.0001000000,64534.70,0.0000296714,64530.30,0.0000170000,64528.90,-0.0000040000,64532.80,0.0001000000,64543.90,0.0001000000,64526.50,0.0000740000,64526.50,0.0001000000,64531.00,0.0000969701,64494.40,0.0000080000
2026-07-29 16:00,63950.19,0.0000366500,63942.90,0.0000832522,63938.00,0.0000310000,63939.80,0.0000810000,63940.30,0.0000350000,63964.70,0.0001000000,63946.00,0.0000910000,63947.00,0.0000950000,63943.00,0.0000670833,63892.10,0.0000480000
2026-07-30 00:00,63959.00,0.0000846200,63955.00,0.0000404338,63951.80,0.0000440000,63950.00,0.0000770000,63958.90,0.0000840000,63979.40,0.0001000000,63951.40,0.0001000000,63955.50,0.0000840000,63961.00,0.0000572519,63910.50,0.0000520000
2026-07-30 08:00,63984.18,0.0000727800,63980.50,0.0000962100,63979.40,0.0000790000,63982.90,0.0000670000,63981.80,0.0000720000,64000.90,0.0001000000,63987.40,0.0001000000,63988.80,0.0000970000,63979.00,0.0000856409,63933.40,0.0000730000
2026-07-30 16:00,64698.14,0.0000902900,64705.90,0.0000654209,64694.20,-0.0000490000,64702.90,0.0000650000,64694.30,0.0000910000,64708.80,0.0001000000,64700.00,0.0000180000,64700.90,-0.0000490000,64692.00,0.0000143558,64671.00,0.0000700000
2026-07-31 00:00,64750.51,0.0001000000,64757.60,0.0000837189,64745.80,0.0000050000,64750.10,0.0000680000,64750.00,0.0001000000,64770.40,0.0001000000,64750.80,0.0000660000,64752.80,0.0000030000,64755.00,0.0000396675,64738.50,0.0000710000
2026-07-31 08:00,63912.48,0.0000940500,63903.80,0.0000614627,63916.20,0.0001000000,63908.50,0.0000700000,63910.60,0.0000950000,63948.00,0.0001000000,63915.60,0.0001000000,63910.60,0.0001000000,63919.00,0.0000668960,63879.00,0.0000780000
2026-07-31 16:00,62696.72,0.0000566400,62691.30,0.0000852982,62701.30,0.0001000000,62696.00,0.0000350000,62695.40,0.0000560000,62757.30,0.0001000000,62700.50,0.0001000000,62695.00,0.0001000000,62705.00,0.0000666856,62648.70,0.0000540000
2026-08-01 00:00,62859.90,0.0000412300,62858.00,0.0000539822,62860.80,0.0000600000,62855.00,0.0000200000,62859.80,0.0000410000,62888.20,0.0001000000,62864.60,0.0000480000,62859.30,0.0000600000,62857.00,0.0000488610,62836.00,0.0000730000
2026-08-01 08:00,63019.60,0.0000316300,63021.00,0.0000258949,63020.00,0.0000220000,63017.30,-0.0000170000,63019.60,0.0000320000,63044.00,0.0001000000,63024.90,0.0000810000,63017.60,0.0000330000,63018.00,0.0000405142,62998.20,0.0000540000
2026-08-01 16:00,62976.40,0.0000354500,62974.60,-0.0000167609,62967.00,0.0000010000,62972.30,-0.0000250000,62976.50,0.0000350000,63030.10,0.0001000000,62978.00,0.0000760000,62974.00,0.0000500000,62982.00,0.0000485787,62961.40,0.0000480000
2026-08-02 00:00,62792.30,0.0000453000,62788.90,0.0000039325,62793.30,0.0000750000,62789.00,0.0000030000,62792.20,0.0000450000,62839.00,0.0001000000,62792.50,0.0000670000,62790.90,0.0000760000,62789.00,0.0000524168,62779.10,0.0000880000
2026-08-02 08:00,63468.10,0.0000894300,63461.60,0.0000386614,63460.00,0.0000440000,63463.30,-0.0000030000,63468.00,0.0000900000,63478.10,0.0001000000,63458.40,0.0000670000,63467.60,0.0001000000,63466.00,0.0000977725,63440.10,0.0000900000
2026-08-02 16:00,63081.60,0.0000770700,63080.70,0.0000145842,63082.20,0.0000920000,63083.30,0.0000470000,63081.50,0.0000770000,63116.20,0.0001000000,63088.80,0.0001000000,63079.00,0.0000930000,63102.00,0.0001000000,63066.40,0.0000760000
2026-08-03 00:00,63549.90,0.0001000000,63545.70,0.0000465978,63546.70,0.0000860000,63542.00,0.0000290000,63550.30,0.0001000000,63589.20,0.0001000000,63539.50,0.0000780000,63546.90,0.0001000000,63557.00,0.0001000000,63522.50,0.0001170000
2026-08-03 08:00,62591.00,0.0000636400,62591.20,0.0000559014,62597.40,0.0001000000,62595.10,0.0000640000,62591.00,0.0000640000,62611.90,0.0001000000,62589.90,0.0000830000,62591.90,0.0001000000,62596.00,0.0001000000,62549.40,0.0000950000
2026-08-03 16:00,63664.90,0.0000247400,63659.80,0.0000093903,63656.60,0.0000070000,63662.60,0.0000230000,63659.40,0.0000250000,63679.80,0.0001000000,63649.90,0.0000140000,63660.20,0.0000080000,63661.00,0.0000888643,63637.90,0.0000600000
2026-08-04 00:00,63497.20,0.0000308100,63503.50,0.0000207447,63499.90,0.0000040000,63503.30,0.0000430000,63497.10,0.0000290000,63514.70,0.0001000000,63500.40,0.0000120000,63501.30,0.0000020000,63492.00,0.0000361229,63485.00,0.0000650000
2026-08-04 08:00,63666.40,0.0000624800,63666.20,0.0000765568,63655.90,0.0000310000,63661.80,0.0000700000,63666.40,0.0000610000,63696.60,0.0001000000,63663.80,0.0000230000,63665.10,0.0000240000,63660.00,0.0000631467,63652.20,0.0001180000
2026-08-04 16:00,64093.54,0.0000768400,64088.10,0.0000861607,64087.00,0.0000290000,64092.40,0.0000360000,64089.80,0.0000770000,64110.40,0.0001000000,64087.20,0.0000420000,64090.30,0.0000240000,64090.00,0.0000328053,64077.70,0.0001110000
2026-08-05 00:00,64075.50,0.0000167400,64078.10,0.0000247202,64073.70,-0.0000360000,64075.70,-0.0000210000,64075.60,0.0000160000,64103.40,0.0001000000,64067.70,-0.0000090000,64076.40,-0.0000370000,64068.00,0.0000169153,64058.50,0.0000400000
2026-08-05 08:00,64141.00,0.0000101500,64143.20,0.0000583549,64144.50,0.0000020000,64141.60,0.0000410000,64141.50,0.0000090000,64145.00,0.0001000000,64145.20,0.0000350000,64141.50,-0.0000010000,64139.00,0.0000402575,64125.50,0.0000400000
2026-08-05 16:00,64353.50,0.0000267600,64351.10,-0.0000126370,64343.70,-0.0000320000,64354.20,-0.0000040000,64353.60,0.0000270000,64360.20,0.0000744928,64345.10,-0.0000290000,64352.80,-0.0000300000,64352.00,0.0000102879,64340.00,0.0000680000
2026-08-06 00:00,64633.90,0.0000659500,64626.80,0.0000678768,64620.00,-0.0001270000,64628.50,-0.0000180000,64634.00,0.0000650000,64635.00,0.0001000000,64635.10,0.0000070000,64627.90,-0.0001270000,64625.00,0.0000097189,64619.80,0.0000800000
2026-08-06 08:00,64789.40,0.0000263200,64788.20,0.0000641484,64779.10,-0.0000890000,64780.80,-0.0000310000,64789.40,0.0000260000,64792.60,0.0000683961,64787.70,0.0000190000,64788.20,-0.0000890000,64784.00,0.0000629389,64761.90,0.0000890000
2026-08-06 16:00,64604.20,0.0000593900,64599.00,0.0000595021,64592.60,0.0000110000,64601.70,0.0000320000,64604.20,0.0000580000,64601.60,0.0001000000,64597.20,0.0000640000,64601.00,0.0000090000,64599.00,-0.0000016132,64585.50,0.0000650000
2026-08-07 00:00,64300.00,0.0000079900,64297.50,0.0000516952,64300.80,0.0000060000,64296.80,0.0000050000,64299.70,0.0000080000,64306.80,0.0001000000,64292.40,0.0000140000,64296.00,-0.0000280000,64294.00,0.0000405691,64278.00,0.0000490000
2026-08-07 08:00,64290.58,0.0000457400,64289.70,0.0000732812,64285.60,0.0000320000,64283.80,0.0000110000,64290.00,0.0000460000,64276.00,0.0000647575,64290.10,0.0000450000,64288.60,-0.0000090000,64288.00,0.0000594181,64275.20,0.0000550000
2026-08-07 16:00,64885.50,0.0000630800,64884.70,0.0000118733,64879.70,-0.0001160000,64891.40,0.0000330000,64885.40,0.0000630000,64888.10,0.0001000000,64884.30,0.0000010000,64882.20,-0.0001180000,64877.00,-0.0000132266,64881.90,0.0000450000
2026-08-08 00:00,64885.45,0.0000555700,64885.90,0.0000377794,64884.00,0.0000030000,64885.00,-0.0000110000,64885.40,0.0000550000,64875.00,0.0000486834,64881.50,-0.0000030000,64887.30,0.0000020000,64886.00,-0.0000040725,64890.10,0.0000640000
2026-08-08 08:00,64936.30,0.0000541700,64933.90,0.0000355956,64935.00,-0.0000010000,64926.50,0.0000150000,64936.30,0.0000530000,64943.90,0.0001000000,64928.30,0.0000490000,64934.80,-0.0000030000,64926.00,0.0000212100,64935.80,0.0000480000
2026-08-08 16:00,65049.73,0.0000580100,65046.20,0.0000251132,65044.70,-0.0000220000,65045.40,0.0000150000,65048.50,0.0000570000,65053.90,0.0001000000,65048.40,0.0000270000,65051.50,-0.0000230000,65051.00,0.0000479789,65040.40,0.0000460000
2026-08-09 00:00,64928.89,0.0000442300,64928.40,0.0000465305,64929.00,0.0000110000,64930.60,0.0000340000,64928.50,0.0000440000,64925.10,-0.0000494432,64924.80,0.0000270000,64930.60,-0.0000090000,64933.00,0.0000366900,64920.40,0.0000480000
2026-08-09 08:00,64793.70,0.0000666700,64790.30,0.0000073997,64792.90,0.0000510000,64789.80,0.0000420000,64793.60,0.0000670000,64812.30,0.0001000000,64796.30,0.0000580000,64794.10,0.0000070000,64795.00,0.0000513818,64788.40,0.0000710000
2026-08-09 16:00,65207.70,0.0000705400,65200.00,0.0000104271,65195.70,-0.0000210000,65197.20,-0.0000360000,65207.70,0.0000690000,65191.60,0.0001000000,65189.30,0.0000070000,65202.90,-0.0000200000,65200.00,0.0000516095,65178.00,0.0000440000
2026-08-10 00:00,64869.50,0.0000749700,64870.10,0.0000922149,64870.10,0.0000200000,64865.60,0.0000610000,64867.80,0.0000750000,64889.40,0.0001000000,64864.70,-0.0000270000,64870.10,0.0000150000,64868.00,0.0000300865,64842.40,0.0000210000
2026-08-10 08:00,65183.48,0.0000790800,65179.10,0.0000574401,65177.40,0.0000380000,65175.70,0.0000020000,65182.90,0.0000780000,65188.10,0.0001000000,65179.70,0.0000340000,65181.20,0.0000300000,65181.00,0.0000758408,65159.60,0.0000100000
2026-08-10 16:00,64272.43,0.0000505700,64277.10,0.0000967237,64277.90,0.0000780000,64271.90,0.0000940000,64268.70,0.0000500000,64281.40,0.0001000000,64270.70,0.0000970000,64273.10,0.0000950000,64276.00,0.0000970582,64245.40,0.0000300000
2026-08-11 00:00,63939.20,0.0000230100,63947.60,0.0001000000,63951.40,0.0001000000,63947.60,0.0000640000,63939.20,0.0000230000,63962.00,0.0001000000,63944.60,0.0001000000,63944.90,0.0001000000,63951.00,0.0001000000,63930.40,0.0000730000
2026-08-11 08:00,64033.29,0.0000196200,64035.00,0.0001000000,64049.90,0.0001000000,64034.30,0.0000610000,64031.60,0.0000200000,64041.60,0.0001000000,64036.80,0.0001000000,64034.40,0.0001000000,64045.00,0.0001000000,64018.60,0.0000770000
2026-08-11 16:00,63585.56,0.0000828200,63584.60,0.0001000000,63592.30,0.0000480000,63588.70,0.0000480000,63593.00,0.0000800000,63592.30,0.0001000000,63590.70,0.0000740000,63586.80,0.0001000000,63585.00,0.0000716471,63569.30,0.0000700000
2026-08-12 00:00,63572.00,0.0001000000,63566.00,0.0000495294,63571.50,0.0001000000,63563.50,0.0000100000,63571.50,0.0001000000,63585.00,0.0001000000,63567.40,0.0001000000,63572.90,0.0001000000,63560.00,0.0000383290,63542.30,0.0000740000
2026-08-12 08:00,63810.90,0.0000856800,63803.40,0.0000665168,63808.80,0.0000650000,63804.80,0.0000650000,63804.80,0.0000850000,63814.90,0.0001000000,63804.00,0.0000730000,63803.50,0.0000850000,63809.00,0.0000533333,63779.20,0.0000500000
2026-08-12 16:00,63422.44,0.0000660100,63417.70,0.0000887121,63428.40,0.0000810000,63423.30,0.0001000000,63421.50,0.0000660000,63431.10,0.0001000000,63422.20,0.0001000000,63419.60,0.0000880000,63424.00,0.0000802948,63392.70,0.0000510000
2026-08-13 00:00,63454.70,0.0000657600,63461.50,0.0001000000,63465.30,0.0001000000,63452.00,0.0000820000,63454.60,0.0000650000,63464.20,0.0001000000,63463.40,0.0001000000,63459.30,0.0001000000,63467.00,0.0001000000,63424.00,0.0000780000
2026-08-13 08:00,63833.46,0.0000721800,63835.20,0.0000691212,63825.40,0.0000700000,63838.60,0.0000580000,63832.90,0.0000730000,63821.80,0.0000935392,63821.00,0.0000640000,63834.80,0.0000750000,63831.00,0.0000839664,63809.40,0.0000610000
2026-08-13 16:00,63387.04,0.0000784100,63384.00,0.0000559149,63383.50,0.0001000000,63389.10,0.0000780000,63385.80,0.0000790000,63388.10,0.0001000000,63386.40,0.0000690000,63388.80,0.0001000000,63397.00,0.0000718957,63366.50,0.0000650000
2026-08-14 00:00,63455.99,0.0000854500,63456.80,0.0001000000,63467.20,0.0001000000,63458.60,0.0000640000,63456.80,0.0000850000,63458.50,0.0001000000,63461.00,0.0001000000,63457.70,0.0001000000,63479.00,0.0001000000,63440.50,0.0000830000
2026-08-14 08:00,62888.10,0.0000599900,62887.50,0.0000826027,62894.40,0.0001000000,62888.20,0.0001000000,62889.90,0.0000600000,62895.00,0.0001000000,62893.70,0.0001000000,62885.40,0.0001000000,62909.00,0.0001000000,62861.70,0.0000910000
2026-08-14 16:00,62962.00,0.0000062900,62966.20,0.0001000000,62965.00,0.0001000000,62950.60,0.0000430000,62956.00,0.0000060000,62955.70,0.0001000000,62961.40,0.0001000000,62963.20,0.0001000000,62969.00,0.0001000000,62923.30,0.0000540000
2026-08-15 00:00,63015.08,0.0000680100,63019.60,0.0000885927,63028.10,0.0001000000,63017.60,0.0001000000,63015.00,0.0000680000,63013.50,0.0000196905,63021.50,0.0001000000,63015.00,0.0001000000,63029.00,0.0001000000,62993.70,0.0000570000
2026-08-15 08:00,63050.02,0.0000652300,63049.00,0.0000765914,63043.50,0.0000990000,63047.90,0.0000270000,63049.90,0.0000640000,63031.80,0.0000541914,63039.90,0.0000900000,63048.40,0.0001000000,63051.00,0.0001000000,63018.80,0.0000600000
2026-08-15 16:00,63068.07,0.0000531100,63065.00,0.0000647376,63069.20,0.0000930000,63069.20,0.0000760000,63068.00,0.0000530000,63070.80,0.0000381538,63072.30,0.0000690000,63066.80,0.0000930000,63075.00,0.0001000000,63033.90,0.0000330000
2026-08-16 00:00,63053.97,0.0000096600,63057.40,0.0000509375,63057.00,0.0000590000,63057.60,0.0000150000,63054.00,0.0000090000,63056.00,-0.0000183972,63054.20,0.0000110000,63056.70,0.0000600000,63057.00,0.0000952041,63024.80,0.0000390000
2026-08-16 08:00,63034.84,0.0000183900,63031.00,0.0000458871,63031.40,0.0000760000,63035.60,0.0000180000,63034.40,0.0000180000,63026.90,0.0000090513,63025.30,0.0000490000,63031.40,0.0000780000,63040.00,0.0000942595,63000.10,0.0000350000
2026-08-16 16:00,63114.27,0.0000500000,63106.90,0.0000656875,63114.10,0.0000790000,63109.10,0.0000090000,63113.80,0.0000500000,63100.00,0.0000008186,63108.30,0.0000460000,63110.90,0.0000790000,63114.00,0.0000976713,63077.50,0.0000450000
2026-08-17 00:00,62876.00,0.0000381800,62878.70,0.0001000000,62880.30,0.0000650000,62878.00,0.0000450000,62875.90,0.0000380000,62870.50,0.0000226482,62877.00,0.0000800000,62876.50,0.0001000000,62874.00,0.0000866627,62850.50,0.0000430000
2026-08-17 08:00,63495.98,0.0000713100,63499.90,0.0000325081,63488.00,-0.0000110000,63494.30,0.0000050000,63495.10,0.0000710000,63496.80,0.0000569662,63491.20,-0.0000060000,63497.30,0.0000710000,63492.00,0.0000547491,63472.20,0.0000560000
2026-08-17 16:00,64169.80,0.0000920200,64170.00,0.0000234012,64164.30,0.0000200000,64166.50,0.0000420000,64169.80,0.0000930000,64156.00,0.0000909420,64162.10,0.0000140000,64169.70,0.0000170000,64164.00,-0.0000005199,64153.40,0.0000670000
2026-08-18 00:00,64504.10,0.0000516400,64500.10,-0.0000171992,64497.60,-0.0000520000,64500.00,0.0000270000,64504.20,0.0000510000,64500.10,-0.0000320294,64503.30,-0.0000700000,64500.70,-0.0000530000,64494.00,-0.0000780672,64487.40,0.0000640000
2026-08-18 08:00,64171.00,0.0000502000,64174.40,0.0000521316,64165.70,0.0000830000,64160.50,0.0000420000,64170.80,0.0000490000,64173.60,0.0000671636,64163.80,0.0000120000,64172.40,0.0000320000,64167.00,-0.0000440925,64148.10,0.0000690000
2026-08-18 16:00,64823.80,0.0000365000,64828.00,0.0000196881,64818.60,-0.0000400000,64823.20,0.0000000000,64823.80,0.0000360000,64807.60,-0.0000060167,64817.00,-0.0000310000,64825.90,-0.0000380000,64821.00,0.0000024457,64827.80,0.0000650000
2026-08-19 00:00,64694.00,0.0000161700,64700.60,0.0000591412,64696.40,0.0000380000,64697.80,0.0000270000,64694.10,0.0000160000,64690.50,0.0000161141,64697.60,0.0000010000,64695.80,0.0000140000,64696.00,0.0000085688,64699.40,0.0000660000
2026-08-19 08:00,64267.18,0.0000381500,64266.10,0.0000958442,64271.00,0.0001000000,64258.40,0.0000570000,64266.00,0.0000380000,64272.10,0.0001000000,64269.30,0.0000650000,64267.20,0.0000160000,64267.00,0.0000256163,64251.00,0.0000640000
2026-08-19 16:00,68544.29,0.0001000000,68530.00,0.0000467645,68503.00,-0.0001180000,68508.20,-0.0000300000,68524.90,0.0001000000,68518.40,-0.0000169597,68505.40,-0.0000350000,68532.30,-0.0001170000,68533.00,0.0000276846,68518.40,0.0000550000
